{"cameraMode":{"drawMode":0,"name":"Shaded","section":"Shading Mode"},"sceneLighting":true,"audioPlay":false,"sceneViewState":{"m_AlwaysRefresh":false,"showFog":true,"showSkybox":true,"showFlares":true,"showImageEffects":true,"showParticleSystems":true,"showVisualEffectGraphs":true,"m_FxEnabled":true},"in2DMode":false,"pivot":{"x":38.764278411865237,"y":0.9153506755828857,"z":120.17167663574219},"rotation":{"x":-0.07864649593830109,"y":0.9213513731956482,"z":-0.27024322748184206,"w":-0.26813259720802309},"size":154.0704803466797,"orthographic":false}